Month,Flow (m³/s),Power (kW),Days,Energy (kWh)
Jan,2.0,393.2363025,31,292567.80906
Feb,2.0,393.2363025,28,264254.79528
Mar,2.0,393.2363025,31,292567.80906
Apr,2.0,393.2363025,30,283130.1378
May,2.0,393.2363025,31,292567.80906
Jun,8.0,1572.94521,30,1132520.5512
Jul,8.0,1572.94521,31,1170271.23624
Aug,8.0,1572.94521,31,1170271.23624
Sep,8.0,1572.94521,30,1132520.5512
Oct,8.0,1572.94521,31,1170271.23624
Nov,2.0,393.2363025,30,283130.1378
Dec,2.0,393.2363025,31,292567.80906
