Scenario,Total Cost (₦ million),Avg Cost (₦/MWh),Peak Marginal Cost (₦/MWh),Emissions (tonnes CO2)
Baseline,3457.075,45626.370558375645,120000,31571.98076923077
Gas Shock (+150%),6489.0653846153855,85642.4873096447,237500,33380.07692307692
Battery Mitigation,6385.986454849498,84282.05473405431,237500,33512.311036789295
DR Mitigation,5907.111538461539,80770.39179595056,237500,32274.07692307693
