Scenario,Peak (kW),Load Factor,Energy Cost (₦),Demand Cost (₦),Total Cost (₦),Savings (₦)
No DR,633.1727842307421,0.42291604446392567,2699211.608040287,5065382.273845937,7764593.881886224,0.0
Curtailment,560.6654338215407,0.461394521354022,2607574.631536575,4485323.470572325,7092898.1021089,671695.7797773238
Battery,633.1727842307421,0.4228603530891819,2698856.164431222,5065382.273845937,7764238.438277159,355.4436090653762
